Fitur,Tingkat_Kepentingan
Jumlah_Keluhan,0.9412706199960554
Kilometer,0.017558918957858743
KM_Terakhir_Ganti_Oli,0.01507606723620973
KM_Per_Tahun,0.011892505310812141
Kode Unit Motor,0.007166426198199632
Bulan_Terakhir_Ganti_Oli,0.003500929490839003
Tahun Kendaraan,0.0018050828888585494
Kondisi_Oli,0.0017294499211666905
Kondisi_Rem,0.0
Usia_Kendaraan,0.0
