Class,Precision,Recall,F1-Score,Support
repair,0.8380530973451328,0.9633774160732451,0.8963558920965452,983.0
rutin,0.9565741857659831,0.8125,0.8786703601108034,976.0
